MECHPART,mechdef_banshee_BNC-4D,4
MECHPART,mechdef_banshee_BNC-4E,4
MECHPART,mechdef_banshee_BNC-4L,4
MECHPART,mechdef_banshee_BNC-4S,4
MECHPART,mechdef_blaze_BLZ-3D,4
MECHPART,mechdef_blaze_BLZ-3M,4
MECHPART,mechdef_blaze_BLZ-3X,4
MECHPART,mechdef_blaze_BLZ-4L,4
MECHPART,mechdef_catapult_CPLT-S1,4
MECHPART,mechdef_catapult_CPLT-S2,4
MECHPART,mechdef_catapult_CPLT-S3,4
MECHPART,mechdef_catapult_CPLT-S4,4
MECHPART,mechdef_cheetah_CHE-4F,4
MECHPART,mechdef_cheetah_CHE-4M,4
MECHPART,mechdef_cheetah_CHE-5F,4
MECHPART,mechdef_cheetah_CHE-6G,4
MECHPART,mechdef_commando_COM-2G,4
MECHPART,mechdef_commando_COM-2P,4
MECHPART,mechdef_commando_COM-2S,4
MECHPART,mechdef_commando_COM-2V,4
MECHPART,mechdef_crusher_CRH-Y4,4
MECHPART,mechdef_crusher_CRH-Y6,4
MECHPART,mechdef_crusher_CRH-Z4,4
MECHPART,mechdef_crusher_CRH-Z8,4
MECHPART,mechdef_dervish_DV-10A,4
MECHPART,mechdef_dervish_DV-10L,4
MECHPART,mechdef_dervish_DV-10M,4
MECHPART,mechdef_dervish_DV-10V,4
MECHPART,mechdef_embrasure_EMB-7D,4
MECHPART,mechdef_embrasure_EMB-7M,4
MECHPART,mechdef_embrasure_EMB-8S,4
MECHPART,mechdef_embrasure_EMB-8W,4
MECHPART,mechdef_emperor_EMP-5B,4
MECHPART,mechdef_emperor_EMP-5D,4
MECHPART,mechdef_emperor_EMP-5F,4
MECHPART,mechdef_emperor_EMP-5G,4
MECHPART,mechdef_firestarter_FS10-H,4
MECHPART,mechdef_firestarter_FS10-M,4
MECHPART,mechdef_firestarter_FS10-N,4
MECHPART,mechdef_firestarter_FS10-V,4
MECHPART,mechdef_griffin_GRF-2F,4
MECHPART,mechdef_griffin_GRF-2H,4
MECHPART,mechdef_griffin_GRF-2S,4
MECHPART,mechdef_griffin_GRF-2V,4
MECHPART,mechdef_guillotine_GLT-4H,4
MECHPART,mechdef_guillotine_GLT-4M,4
MECHPART,mechdef_guillotine_GLT-4N,4
MECHPART,mechdef_guillotine_GLT-4V,4
MECHPART,mechdef_helepolis_HEP-5B,4
MECHPART,mechdef_helepolis_HEP-5H,4
MECHPART,mechdef_helepolis_HEP-5J,4
MECHPART,mechdef_helepolis_HEP-5T,4
MECHPART,mechdef_hunchbackii_HBK-2-4G,4
MECHPART,mechdef_hunchbackii_HBK-2-5D,4
MECHPART,mechdef_hunchbackii_HBK-2-5G,4
MECHPART,mechdef_hunchbackii_HBK-2-6B,4
MECHPART,mechdef_hunchbackii_HBK-2-6X,4
MECHPART,mechdef_lambda_LBD-4G,4
MECHPART,mechdef_lambda_LBD-4M,4
MECHPART,mechdef_lambda_LBD-4S,4
MECHPART,mechdef_lambda_LBD-5A,4
MECHPART,mechdef_leaper_LPR-3DB,4
MECHPART,mechdef_leaper_LPR-3K,4
MECHPART,mechdef_leaper_LPR-4K,4
MECHPART,mechdef_leaper_LPR-5K,4
MECHPART,mechdef_liquidator_LQD-1L,4
MECHPART,mechdef_liquidator_LQD-1R,4
MECHPART,mechdef_liquidator_LQD-2G,4
MECHPART,mechdef_liquidator_LQD-2L,4
MECHPART,mechdef_lithobolos_LTH-B0,4
MECHPART,mechdef_lithobolos_LTH-B2,4
MECHPART,mechdef_lithobolos_LTH-B3,4
MECHPART,mechdef_locustii_LCT-2-1V,4
MECHPART,mechdef_locustii_LCT-2-2D,4
MECHPART,mechdef_locustii_LCT-2-2L,4
MECHPART,mechdef_locustii_LCT-2-2V,4
MECHPART,mechdef_longbow_LGB-9D,4
MECHPART,mechdef_longbow_LGB-9E,4
MECHPART,mechdef_longbow_LGB-9Q,4
MECHPART,mechdef_longbow_LGB-10S,4
MECHPART,mechdef_mackie_MSK-7B,4
MECHPART,mechdef_mackie_MSK-8A,4
MECHPART,mechdef_mackie_MSK-8DD,4
MECHPART,mechdef_mackie_MSK-8G,4
MECHPART,mechdef_orion_ON2-D,4
MECHPART,mechdef_orion_ON2-G,4
MECHPART,mechdef_orion_ON2-K,4
MECHPART,mechdef_orion_ON2-S,4
MECHPART,mechdef_ostroc_OSR-3G,4
MECHPART,mechdef_ostroc_OSR-3L,4
MECHPART,mechdef_ostroc_OSR-3M,4
MECHPART,mechdef_ostroc_OSR-3S,4
MECHPART,mechdef_ostwar_OWR-3D,4
MECHPART,mechdef_ostwar_OWR-3F,4
MECHPART,mechdef_ostwar_OWR-3L,4
MECHPART,mechdef_ostwar_OWR-3N,4
MECHPART,mechdef_pixie_PXI-1,4
MECHPART,mechdef_pixie_PXI-1G,4
MECHPART,mechdef_pixie_PXI-1L,4
MECHPART,mechdef_pixie_PXI-1M,4
MECHPART,mechdef_rashnu_RSH-4V,4
MECHPART,mechdef_rashnu_RSH-4Z,4
MECHPART,mechdef_rashnu_RSH-5B,4
MECHPART,mechdef_rashnu_RSH-5S,4
MECHPART,mechdef_scorpion_SCP-4G,4
MECHPART,mechdef_scorpion_SCP-4L,4
MECHPART,mechdef_scorpion_SCP-4M,4
MECHPART,mechdef_scorpion_SCP-4N,4
MECHPART,mechdef_scrapper_ARP-3J,4
MECHPART,mechdef_scrapper_ARP-4J,4
MECHPART,mechdef_scrapper_ARP-4V,4
MECHPART,mechdef_scrapper_ARP-5J,4
MECHPART,mechdef_screecher_SCRE-B4,4
MECHPART,mechdef_screecher_SCRE-H4,4
MECHPART,mechdef_screecher_SCRE-H8,4
MECHPART,mechdef_screecher_SCRE-H9,4
MECHPART,mechdef_shadowhawkii_SHD-2-2D,4
MECHPART,mechdef_shadowhawkii_SHD-2-2F,4
MECHPART,mechdef_shadowhawkii_SHD-2-2H,4
MECHPART,mechdef_shadowhawkii_SHD-2-3G,4
MECHPART,mechdef_stingerii_STG-2-3R,4
MECHPART,mechdef_stingerii_STG-2-3S,4
MECHPART,mechdef_stingerii_STG-2-4R,4
MECHPART,mechdef_stingerii_STG-2-5G,4
MECHPART,mechdef_swoopingfalcon_SPF-11G,4
MECHPART,mechdef_swoopingfalcon_SPF-11V,4
MECHPART,mechdef_swoopingfalcon_SPF-12D,4
MECHPART,mechdef_swoopingfalcon_SPF-12E,4
MECHPART,mechdef_taranis_TRN-5D,4
MECHPART,mechdef_taranis_TRN-6L,4
MECHPART,mechdef_taranis_TRN-6S,4
MECHPART,mechdef_taranis_TRN-7B,4
MECHPART,mechdef_thorn_THE-H,4
MECHPART,mechdef_thorn_THE-L,4
MECHPART,mechdef_thorn_THE-W,4
MECHPART,mechdef_thorn_THE-W2,4
MECHPART,mechdef_thunderbolt_TDR-3E,4
MECHPART,mechdef_thunderbolt_TDR-3N,4
MECHPART,mechdef_thunderbolt_TDR-3S,4
MECHPART,mechdef_thunderbolt_TDR-4S,4
MECHPART,mechdef_victor_VTR-10B,4
MECHPART,mechdef_victor_VTR-10F,4
MECHPART,mechdef_victor_VTR-10H,4
MECHPART,mechdef_victor_VTR-10N,4
MECHPART,mechdef_warhammer_WHM-5G,4
MECHPART,mechdef_warhammer_WHM-5H,4
MECHPART,mechdef_warhammer_WHM-5R,4
MECHPART,mechdef_warhammer_WHM-5S,4
MECHPART,mechdef_waspii_WSP-2-1A,4
MECHPART,mechdef_waspii_WSP-2-1S,4
MECHPART,mechdef_waspii_WSP-2-2A,4
MECHPART,mechdef_waspii_WSP-2-3V,4
MECHPART,mechdef_wolverine_WVR-4D,4
MECHPART,mechdef_wolverine_WVR-4G,4
MECHPART,mechdef_wolverine_WVR-4R,4
MECHPART,mechdef_wolverine_WVR-4S,4
MECHPART,mechdef_archer_ARC-3B,4
MECHPART,mechdef_archer_ARC-3M,4
MECHPART,mechdef_archer_ARC-3R,4
MECHPART,mechdef_archer_ARC-3S,4
MECHPART,mechdef_rifleman_RFL-4B,4
MECHPART,mechdef_rifleman_RFL-4GC,4
MECHPART,mechdef_rifleman_RFL-4N,4
MECHPART,mechdef_rifleman_RFL-4S,4
MECHPART,mechdef_trooper_TP-2D,4
MECHPART,mechdef_trooper_TP-2R,4
MECHPART,mechdef_trooper_TP-3R,4
MECHPART,mechdef_trooper_TP-3S,4